Hours,Scores
6.3,52.3
3.0,24.1
7.1,70.3
8.5,74.1
4.3,33.3
2.5,23.8
0.7,1.8
6.3,60.6
2.5,25.2
7.8,66.2
7.8,77.3
3.6,28.7
9.1,83.8
1.3,5.9
8.1,78.6
7.8,77.8
5.3,57.9
3.9,37.9
8.0,77.9
8.3,80.1
6.8,57.3
2.6,21.3
1.2,7.1
1.4,9.7
6.2,56.7
3.8,31.5
2.9,34.5
6.3,61.6
2.0,22.7
2.0,17.1
9.4,91.5
5.5,55.2
8.1,81.4
2.6,17.2
3.3,27.6
2.4,29.9
8.4,76.8
6.4,59.1
8.7,82.0
2.9,23.5
5.6,49.4
5.8,61.5
4.1,34.5
9.5,90.4
1.3,5.1
1.5,16.3
7.6,71.0
1.1,8.6
9.5,90.7
9.2,93.2
