Hours,Scores
8.1,78.6
5.5,55.2
9.4,91.5
2.6,17.2
1.3,5.9
1.5,16.3
2.5,25.2
7.1,70.3
1.3,5.1
6.8,57.3
2.9,34.5
3.0,24.1
3.8,31.5
4.1,34.5
1.2,7.1
9.5,90.7
7.8,66.2
2.9,23.5
8.5,74.1
1.4,9.7
7.8,
5.6,49.4
1.1,8.6
8.7,82.0
6.4,59.1
2.0,22.7
8.5,74.1
2.5,23.8
6.2,56.7
2.4,29.9
,33.3
9.1,83.8
8.3,80.1
0.7,1.8
8.4,76.8
3.6,28.7
8.1,81.4
5.3,57.9
6.8,57.3
2.0,17.1
7.8,77.3
6.3,
8.0,77.9
9.2,93.2
2.6,21.3
5.8,61.5
3.9,37.9
3.3,27.6
7.8,77.3
6.3,60.6
7.6,71.0
9.5,90.4
6.3,52.3
